policy_id,model_id,phase,aggregation,smoothing,reliability_alpha,tau_up,tau_down,k_up,k_down,cooldown_s,tp,normal_false_events,fn,wrong_window_accident_alerts,duplicate_accident_alerts,precision,recall,f1,fph,mean_signed_delay_s,threshold,persistence_window_s,required_active_observations,merge_gap_s,feasible_under_fph5,selected_calibration_policy,pareto_frontier,dominated,selection_rule,fixed_policy_validation_tp,fixed_policy_validation_normal_fp,fixed_policy_validation_fn,fixed_policy_validation_recall,fixed_policy_validation_precision,fixed_policy_validation_f1,fixed_policy_validation_fph
7ebd9e55da874c4ff659,trackfeat132,screen,mean,trailing60,0.0,0.6,0.4,2,3,2.0,18,0,29,9,0,0.6666666666666666,0.3829787234042553,0.4864864864864864,0.0,-0.7333333333333334,0.6,0.4,2,2.0,True,False,True,False,retain <=5 normal FPH; maximize recall; within .02 recall highest F1; precision final tie-break,,,,,,,
bb67a4c966f02f389f25,trackfeat132,screen,trimmed_mean,trailing60,0.0,0.6,0.4,2,3,2.0,18,0,29,9,0,0.6666666666666666,0.3829787234042553,0.4864864864864864,0.0,-0.7333333333333334,0.6,0.4,2,2.0,True,False,True,False,retain <=5 normal FPH; maximize recall; within .02 recall highest F1; precision final tie-break,,,,,,,
aff8a836a8b37b420bd5,trackfeat132,screen,top3_mean,none,0.0,0.6,0.4,2,3,2.0,31,26,16,20,0,0.4025974025974026,0.6595744680851063,0.5,15.868817773075929,-0.976774193548387,0.6,0.4,2,2.0,False,False,True,False,retain <=5 normal FPH; maximize recall; within .02 recall highest F1; precision final tie-break,,,,,,,
f55deaf859a5938c4f3c,trackfeat132,detail,mean,none,0.0,0.65,0.5,2,3,2.0,29,4,18,15,0,0.6041666666666666,0.6170212765957447,0.6105263157894737,2.44135658047322,-0.892413793103448,0.65,0.4,2,2.0,True,True,True,False,retain <=5 normal FPH; maximize recall; within .02 recall highest F1; precision final tie-break,25.0,8.0,21.0,0.5434782608695652,0.5102040816326531,0.5263157894736842,5.031
1cb2ec71397dbfa15302,trackfeat132,detail,mean,none,0.0,0.7,0.5,2,3,2.0,29,4,18,14,1,0.6041666666666666,0.6170212765957447,0.6105263157894737,2.44135658047322,-0.7999999999999997,0.7,0.4,2,2.0,True,False,True,False,retain <=5 normal FPH; maximize recall; within .02 recall highest F1; precision final tie-break,,,,,,,
e7b25710351e6124736f,trackfeat132,detail,mean,none,0.0,0.8,0.5,2,3,2.0,25,3,22,13,0,0.6097560975609756,0.5319148936170213,0.5681818181818181,1.831017435354915,-0.6336,0.8,0.4,2,2.0,True,False,True,False,retain <=5 normal FPH; maximize recall; within .02 recall highest F1; precision final tie-break,,,,,,,
3a75c3145e343e3e227d,causal14_clean,screen,mean,trailing5,0.0,0.6,0.4,2,3,2.0,24,15,23,13,0,0.4615384615384615,0.5106382978723404,0.4848484848484848,9.155087176774574,-0.4416666666666666,0.6,0.4,2,2.0,False,False,True,False,retain <=5 normal FPH; maximize recall; within .02 recall highest F1; precision final tie-break,,,,,,,
47b93e8e749327ec4375,causal14_clean,screen,mean,ema5,0.0,0.6,0.4,2,3,2.0,23,14,24,15,0,0.4423076923076923,0.4893617021276595,0.4646464646464646,8.544748031656269,-0.3060869565217391,0.6,0.4,2,2.0,False,False,True,False,retain <=5 normal FPH; maximize recall; within .02 recall highest F1; precision final tie-break,,,,,,,
b23a5a7f2d64d2b031b8,causal14_clean,screen,trimmed_mean,none,0.0,0.6,0.4,2,3,2.0,28,19,19,16,1,0.4375,0.5957446808510638,0.5045045045045045,11.596443757247794,-0.5214285714285715,0.6,0.4,2,2.0,False,False,True,False,retain <=5 normal FPH; maximize recall; within .02 recall highest F1; precision final tie-break,,,,,,,
6ca9da9c20cc6daead4e,causal14_clean,screen,trimmed_mean,trailing5,0.0,0.6,0.4,2,3,2.0,25,17,22,14,0,0.4464285714285714,0.5319148936170213,0.4854368932038835,10.375765467011185,-0.4704,0.6,0.4,2,2.0,False,False,True,False,retain <=5 normal FPH; maximize recall; within .02 recall highest F1; precision final tie-break,,,,,,,
f0f8c3fb10ed118a37ac,causal14_clean,screen,trimmed_mean,trailing60,0.0,0.6,0.4,2,3,2.0,14,6,33,10,0,0.4666666666666667,0.2978723404255319,0.3636363636363636,3.66203487070983,-0.6028571428571429,0.6,0.4,2,2.0,True,False,True,False,retain <=5 normal FPH; maximize recall; within .02 recall highest F1; precision final tie-break,,,,,,,
04742c5adf0e1f1e0de1,causal14_clean,screen,top3_mean,none,0.0,0.6,0.4,2,3,2.0,30,176,17,20,1,0.13215859030837,0.6382978723404256,0.218978102189781,107.41968954082166,-0.6880000000000002,0.6,0.4,2,2.0,False,False,True,False,retain <=5 normal FPH; maximize recall; within .02 recall highest F1; precision final tie-break,,,,,,,
d135de4dcb0ca11c99ab,causal14_clean,screen,top5_mean,none,0.0,0.6,0.4,2,3,2.0,29,142,18,20,1,0.1510416666666666,0.6170212765957447,0.2426778242677824,86.66815860679931,-0.6482758620689654,0.6,0.4,2,2.0,False,False,True,False,retain <=5 normal FPH; maximize recall; within .02 recall highest F1; precision final tie-break,,,,,,,
815e450c58709b80e6ee,causal14_clean,detail,trimmed_mean,trailing60,0.0,0.55,0.05,2,3,2.0,20,10,27,8,0,0.5263157894736842,0.425531914893617,0.4705882352941176,6.103391451183049,-0.522,0.55,0.4,2,2.0,False,False,True,False,retain <=5 normal FPH; maximize recall; within .02 recall highest F1; precision final tie-break,,,,,,,
0a771747df2f2992a1fe,causal14_clean,detail,trimmed_mean,trailing60,0.0,0.55,0.1,2,3,2.0,20,10,27,8,0,0.5263157894736842,0.425531914893617,0.4705882352941176,6.103391451183049,-0.522,0.55,0.4,2,2.0,False,False,True,False,retain <=5 normal FPH; maximize recall; within .02 recall highest F1; precision final tie-break,,,,,,,
4c72bfd66f341740e8e6,causal14_clean,detail,trimmed_mean,trailing60,0.0,0.55,0.15,2,3,2.0,20,10,27,8,0,0.5263157894736842,0.425531914893617,0.4705882352941176,6.103391451183049,-0.522,0.55,0.4,2,2.0,False,False,True,False,retain <=5 normal FPH; maximize recall; within .02 recall highest F1; precision final tie-break,,,,,,,
e25ffa8d5e7521542770,causal14_clean,detail,trimmed_mean,trailing60,0.0,0.55,0.2,2,3,2.0,20,10,27,8,0,0.5263157894736842,0.425531914893617,0.4705882352941176,6.103391451183049,-0.522,0.55,0.4,2,2.0,False,False,True,False,retain <=5 normal FPH; maximize recall; within .02 recall highest F1; precision final tie-break,,,,,,,
df127ed95410dccf42bb,causal14_clean,detail,trimmed_mean,trailing60,0.0,0.55,0.25,2,3,2.0,20,10,27,8,0,0.5263157894736842,0.425531914893617,0.4705882352941176,6.103391451183049,-0.522,0.55,0.4,2,2.0,False,False,True,False,retain <=5 normal FPH; maximize recall; within .02 recall highest F1; precision final tie-break,,,,,,,
797bc2fdc10b092c769b,causal14_clean,detail,trimmed_mean,trailing60,0.0,0.55,0.3,2,3,2.0,20,10,27,8,0,0.5263157894736842,0.425531914893617,0.4705882352941176,6.103391451183049,-0.522,0.55,0.4,2,2.0,False,False,True,False,retain <=5 normal FPH; maximize recall; within .02 recall highest F1; precision final tie-break,,,,,,,
52916ef1ca0911e31988,causal14_clean,detail,trimmed_mean,trailing60,0.0,0.55,0.35,2,3,2.0,20,10,27,8,0,0.5263157894736842,0.425531914893617,0.4705882352941176,6.103391451183049,-0.522,0.55,0.4,2,2.0,False,False,True,False,retain <=5 normal FPH; maximize recall; within .02 recall highest F1; precision final tie-break,,,,,,,
5abc6ad052dcf203c923,causal14_clean,detail,trimmed_mean,trailing60,0.0,0.55,0.4,2,3,2.0,20,10,27,8,0,0.5263157894736842,0.425531914893617,0.4705882352941176,6.103391451183049,-0.522,0.55,0.4,2,2.0,False,False,True,False,retain <=5 normal FPH; maximize recall; within .02 recall highest F1; precision final tie-break,,,,,,,
baa7da83d9c6c258773d,causal14_clean,detail,trimmed_mean,trailing60,0.0,0.55,0.45,2,3,2.0,20,10,27,8,0,0.5263157894736842,0.425531914893617,0.4705882352941176,6.103391451183049,-0.522,0.55,0.4,2,2.0,False,False,True,False,retain <=5 normal FPH; maximize recall; within .02 recall highest F1; precision final tie-break,,,,,,,
81548df2ae494e5a9ac1,causal14_clean,detail,trimmed_mean,trailing60,0.0,0.55,0.5,2,3,2.0,20,10,27,8,0,0.5263157894736842,0.425531914893617,0.4705882352941176,6.103391451183049,-0.522,0.55,0.4,2,2.0,False,False,True,False,retain <=5 normal FPH; maximize recall; within .02 recall highest F1; precision final tie-break,,,,,,,
85832124418db43b023a,causal14_clean,detail,trimmed_mean,trailing60,0.0,0.6,0.05,2,3,2.0,14,6,33,10,0,0.4666666666666667,0.2978723404255319,0.3636363636363636,3.66203487070983,-0.6028571428571429,0.6,0.4,2,2.0,True,False,True,False,retain <=5 normal FPH; maximize recall; within .02 recall highest F1; precision final tie-break,,,,,,,
5362fec938e60bf1dd80,causal14_clean,detail,trimmed_mean,trailing60,0.0,0.6,0.1,2,3,2.0,14,6,33,10,0,0.4666666666666667,0.2978723404255319,0.3636363636363636,3.66203487070983,-0.6028571428571429,0.6,0.4,2,2.0,True,False,True,False,retain <=5 normal FPH; maximize recall; within .02 recall highest F1; precision final tie-break,,,,,,,
03d520deb461c4a49827,causal14_clean,detail,trimmed_mean,trailing60,0.0,0.6,0.15,2,3,2.0,14,6,33,10,0,0.4666666666666667,0.2978723404255319,0.3636363636363636,3.66203487070983,-0.6028571428571429,0.6,0.4,2,2.0,True,False,True,False,retain <=5 normal FPH; maximize recall; within .02 recall highest F1; precision final tie-break,,,,,,,
3e4bfd792d48a7ee00c0,causal14_clean,detail,trimmed_mean,trailing60,0.0,0.6,0.2,2,3,2.0,14,6,33,10,0,0.4666666666666667,0.2978723404255319,0.3636363636363636,3.66203487070983,-0.6028571428571429,0.6,0.4,2,2.0,True,False,True,False,retain <=5 normal FPH; maximize recall; within .02 recall highest F1; precision final tie-break,,,,,,,
404650f82b496f11f4ca,causal14_clean,detail,trimmed_mean,trailing60,0.0,0.6,0.25,2,3,2.0,14,6,33,10,0,0.4666666666666667,0.2978723404255319,0.3636363636363636,3.66203487070983,-0.6028571428571429,0.6,0.4,2,2.0,True,False,True,False,retain <=5 normal FPH; maximize recall; within .02 recall highest F1; precision final tie-break,,,,,,,
4af9af828a5782b6a94a,causal14_clean,detail,trimmed_mean,trailing60,0.0,0.6,0.3,2,3,2.0,14,6,33,10,0,0.4666666666666667,0.2978723404255319,0.3636363636363636,3.66203487070983,-0.6028571428571429,0.6,0.4,2,2.0,True,False,True,False,retain <=5 normal FPH; maximize recall; within .02 recall highest F1; precision final tie-break,,,,,,,
ce7bfd04005169dd60d9,causal14_clean,detail,trimmed_mean,trailing60,0.0,0.6,0.35,2,3,2.0,14,6,33,10,0,0.4666666666666667,0.2978723404255319,0.3636363636363636,3.66203487070983,-0.6028571428571429,0.6,0.4,2,2.0,True,False,True,False,retain <=5 normal FPH; maximize recall; within .02 recall highest F1; precision final tie-break,,,,,,,
1eb27ec62b90ae68e399,causal14_clean,detail,trimmed_mean,trailing60,0.0,0.6,0.4,2,3,2.0,14,6,33,10,0,0.4666666666666667,0.2978723404255319,0.3636363636363636,3.66203487070983,-0.6028571428571429,0.6,0.4,2,2.0,True,False,True,False,retain <=5 normal FPH; maximize recall; within .02 recall highest F1; precision final tie-break,,,,,,,
d194ed1c0b5507a5559d,causal14_clean,detail,trimmed_mean,trailing60,0.0,0.6,0.45,2,3,2.0,14,6,33,10,0,0.4666666666666667,0.2978723404255319,0.3636363636363636,3.66203487070983,-0.6028571428571429,0.6,0.4,2,2.0,True,False,True,False,retain <=5 normal FPH; maximize recall; within .02 recall highest F1; precision final tie-break,,,,,,,
69e0131a7438a6de3258,causal14_clean,detail,trimmed_mean,trailing60,0.0,0.6,0.5,2,3,2.0,14,6,33,10,0,0.4666666666666667,0.2978723404255319,0.3636363636363636,3.66203487070983,-0.6028571428571429,0.6,0.4,2,2.0,True,False,True,False,retain <=5 normal FPH; maximize recall; within .02 recall highest F1; precision final tie-break,,,,,,,
6286f91b86d9f2ed657a,causal14_clean,detail,trimmed_mean,trailing60,0.0,0.65,0.05,2,3,2.0,10,4,37,10,0,0.4166666666666667,0.2127659574468085,0.2816901408450704,2.44135658047322,-1.028,0.65,0.4,2,2.0,True,False,True,False,retain <=5 normal FPH; maximize recall; within .02 recall highest F1; precision final tie-break,,,,,,,
3d82c8db0dbf058b4099,causal14_clean,detail,trimmed_mean,trailing60,0.0,0.65,0.1,2,3,2.0,10,4,37,10,0,0.4166666666666667,0.2127659574468085,0.2816901408450704,2.44135658047322,-1.028,0.65,0.4,2,2.0,True,False,True,False,retain <=5 normal FPH; maximize recall; within .02 recall highest F1; precision final tie-break,,,,,,,
7726439f92bba0023408,causal14_clean,detail,trimmed_mean,trailing60,0.0,0.65,0.15,2,3,2.0,10,4,37,10,0,0.4166666666666667,0.2127659574468085,0.2816901408450704,2.44135658047322,-1.028,0.65,0.4,2,2.0,True,False,True,False,retain <=5 normal FPH; maximize recall; within .02 recall highest F1; precision final tie-break,,,,,,,
78fb07e2e148622455ba,causal14_clean,detail,trimmed_mean,trailing60,0.0,0.65,0.2,2,3,2.0,10,4,37,10,0,0.4166666666666667,0.2127659574468085,0.2816901408450704,2.44135658047322,-1.028,0.65,0.4,2,2.0,True,False,True,False,retain <=5 normal FPH; maximize recall; within .02 recall highest F1; precision final tie-break,,,,,,,
4af9e1e22375517a3f52,causal14_clean,detail,trimmed_mean,trailing60,0.0,0.65,0.25,2,3,2.0,10,4,37,10,0,0.4166666666666667,0.2127659574468085,0.2816901408450704,2.44135658047322,-1.028,0.65,0.4,2,2.0,True,False,True,False,retain <=5 normal FPH; maximize recall; within .02 recall highest F1; precision final tie-break,,,,,,,
2621631fdd5e0e36ecdc,causal14_clean,detail,trimmed_mean,trailing60,0.0,0.65,0.3,2,3,2.0,10,4,37,10,0,0.4166666666666667,0.2127659574468085,0.2816901408450704,2.44135658047322,-1.028,0.65,0.4,2,2.0,True,False,True,False,retain <=5 normal FPH; maximize recall; within .02 recall highest F1; precision final tie-break,,,,,,,
73f284dda6fed3f8c599,causal14_clean,detail,trimmed_mean,trailing60,0.0,0.65,0.35,2,3,2.0,10,4,37,10,0,0.4166666666666667,0.2127659574468085,0.2816901408450704,2.44135658047322,-1.028,0.65,0.4,2,2.0,True,False,True,False,retain <=5 normal FPH; maximize recall; within .02 recall highest F1; precision final tie-break,,,,,,,
e5dc9170c15c78fa5482,causal14_clean,detail,trimmed_mean,trailing60,0.0,0.65,0.4,2,3,2.0,10,4,37,10,0,0.4166666666666667,0.2127659574468085,0.2816901408450704,2.44135658047322,-1.028,0.65,0.4,2,2.0,True,False,True,False,retain <=5 normal FPH; maximize recall; within .02 recall highest F1; precision final tie-break,,,,,,,
e47012505f35cb0ac0dc,causal14_clean,detail,trimmed_mean,trailing60,0.0,0.65,0.45,2,3,2.0,10,4,37,10,0,0.4166666666666667,0.2127659574468085,0.2816901408450704,2.44135658047322,-1.028,0.65,0.4,2,2.0,True,False,True,False,retain <=5 normal FPH; maximize recall; within .02 recall highest F1; precision final tie-break,,,,,,,
eb169c234b7d9e98c9aa,causal14_clean,detail,trimmed_mean,trailing60,0.0,0.65,0.5,2,3,2.0,10,4,37,10,0,0.4166666666666667,0.2127659574468085,0.2816901408450704,2.44135658047322,-1.028,0.65,0.4,2,2.0,True,False,True,False,retain <=5 normal FPH; maximize recall; within .02 recall highest F1; precision final tie-break,,,,,,,
93d97e725fd012e9be42,causal14_clean,detail,trimmed_mean,trailing60,0.0,0.7,0.05,2,3,2.0,9,3,38,5,0,0.5294117647058824,0.1914893617021276,0.28125,1.831017435354915,-0.6400000000000001,0.7,0.4,2,2.0,True,False,True,False,retain <=5 normal FPH; maximize recall; within .02 recall highest F1; precision final tie-break,,,,,,,
955ad5249a2fcb13dfbc,causal14_clean,detail,trimmed_mean,trailing60,0.0,0.7,0.1,2,3,2.0,9,3,38,5,0,0.5294117647058824,0.1914893617021276,0.28125,1.831017435354915,-0.6400000000000001,0.7,0.4,2,2.0,True,False,True,False,retain <=5 normal FPH; maximize recall; within .02 recall highest F1; precision final tie-break,,,,,,,
2b085d048f45752db923,causal14_clean,detail,trimmed_mean,trailing60,0.0,0.7,0.15,2,3,2.0,9,3,38,5,0,0.5294117647058824,0.1914893617021276,0.28125,1.831017435354915,-0.6400000000000001,0.7,0.4,2,2.0,True,False,True,False,retain <=5 normal FPH; maximize recall; within .02 recall highest F1; precision final tie-break,,,,,,,
fa61768c0af9e7c3e310,causal14_clean,detail,trimmed_mean,trailing60,0.0,0.7,0.2,2,3,2.0,9,3,38,5,0,0.5294117647058824,0.1914893617021276,0.28125,1.831017435354915,-0.6400000000000001,0.7,0.4,2,2.0,True,False,True,False,retain <=5 normal FPH; maximize recall; within .02 recall highest F1; precision final tie-break,,,,,,,
39a8e676bd653d7a025f,causal14_clean,detail,trimmed_mean,trailing60,0.0,0.7,0.25,2,3,2.0,9,3,38,5,0,0.5294117647058824,0.1914893617021276,0.28125,1.831017435354915,-0.6400000000000001,0.7,0.4,2,2.0,True,False,True,False,retain <=5 normal FPH; maximize recall; within .02 recall highest F1; precision final tie-break,,,,,,,
10dec53c011e584b14e7,causal14_clean,detail,trimmed_mean,trailing60,0.0,0.7,0.3,2,3,2.0,9,3,38,5,0,0.5294117647058824,0.1914893617021276,0.28125,1.831017435354915,-0.6400000000000001,0.7,0.4,2,2.0,True,False,True,False,retain <=5 normal FPH; maximize recall; within .02 recall highest F1; precision final tie-break,,,,,,,
cea540ee49ec89609b05,causal14_clean,detail,trimmed_mean,trailing60,0.0,0.7,0.35,2,3,2.0,9,3,38,5,0,0.5294117647058824,0.1914893617021276,0.28125,1.831017435354915,-0.6400000000000001,0.7,0.4,2,2.0,True,False,True,False,retain <=5 normal FPH; maximize recall; within .02 recall highest F1; precision final tie-break,,,,,,,
a32ea9981c0c4aea8403,causal14_clean,detail,trimmed_mean,trailing60,0.0,0.7,0.4,2,3,2.0,9,3,38,5,0,0.5294117647058824,0.1914893617021276,0.28125,1.831017435354915,-0.6400000000000001,0.7,0.4,2,2.0,True,False,True,False,retain <=5 normal FPH; maximize recall; within .02 recall highest F1; precision final tie-break,,,,,,,
45488f8413569e611326,causal14_clean,detail,trimmed_mean,trailing60,0.0,0.7,0.45,2,3,2.0,9,3,38,5,0,0.5294117647058824,0.1914893617021276,0.28125,1.831017435354915,-0.6400000000000001,0.7,0.4,2,2.0,True,False,True,False,retain <=5 normal FPH; maximize recall; within .02 recall highest F1; precision final tie-break,,,,,,,
819ce3962a25d7b9f452,causal14_clean,detail,trimmed_mean,trailing60,0.0,0.7,0.5,2,3,2.0,9,3,38,5,0,0.5294117647058824,0.1914893617021276,0.28125,1.831017435354915,-0.6400000000000001,0.7,0.4,2,2.0,True,False,True,False,retain <=5 normal FPH; maximize recall; within .02 recall highest F1; precision final tie-break,,,,,,,
66538a91cd1d7d05126b,causal14_clean,detail,trimmed_mean,trailing60,0.0,0.75,0.05,2,3,2.0,6,0,41,2,0,0.75,0.1276595744680851,0.2181818181818182,0.0,-0.4333333333333333,0.75,0.4,2,2.0,True,False,True,False,retain <=5 normal FPH; maximize recall; within .02 recall highest F1; precision final tie-break,,,,,,,
93d8993b0385011ba38a,causal14_clean,detail,trimmed_mean,trailing60,0.0,0.75,0.1,2,3,2.0,6,0,41,2,0,0.75,0.1276595744680851,0.2181818181818182,0.0,-0.4333333333333333,0.75,0.4,2,2.0,True,False,True,False,retain <=5 normal FPH; maximize recall; within .02 recall highest F1; precision final tie-break,,,,,,,
d959a21b12d29232f6dc,causal14_clean,detail,trimmed_mean,trailing60,0.0,0.75,0.15,2,3,2.0,6,0,41,2,0,0.75,0.1276595744680851,0.2181818181818182,0.0,-0.4333333333333333,0.75,0.4,2,2.0,True,False,True,False,retain <=5 normal FPH; maximize recall; within .02 recall highest F1; precision final tie-break,,,,,,,
3f276d96ff1a49985d6e,causal14_clean,detail,trimmed_mean,trailing60,0.0,0.75,0.2,2,3,2.0,6,0,41,2,0,0.75,0.1276595744680851,0.2181818181818182,0.0,-0.4333333333333333,0.75,0.4,2,2.0,True,False,True,False,retain <=5 normal FPH; maximize recall; within .02 recall highest F1; precision final tie-break,,,,,,,
38dae2c485fcecfd7165,causal14_clean,detail,trimmed_mean,trailing60,0.0,0.75,0.25,2,3,2.0,6,0,41,2,0,0.75,0.1276595744680851,0.2181818181818182,0.0,-0.4333333333333333,0.75,0.4,2,2.0,True,False,True,False,retain <=5 normal FPH; maximize recall; within .02 recall highest F1; precision final tie-break,,,,,,,
a22796a7f61aa07b9082,causal14_clean,detail,trimmed_mean,trailing60,0.0,0.75,0.3,2,3,2.0,6,0,41,2,0,0.75,0.1276595744680851,0.2181818181818182,0.0,-0.4333333333333333,0.75,0.4,2,2.0,True,False,True,False,retain <=5 normal FPH; maximize recall; within .02 recall highest F1; precision final tie-break,,,,,,,
2f046edbc70c01776212,causal14_clean,detail,trimmed_mean,trailing60,0.0,0.75,0.35,2,3,2.0,6,0,41,2,0,0.75,0.1276595744680851,0.2181818181818182,0.0,-0.4333333333333333,0.75,0.4,2,2.0,True,False,True,False,retain <=5 normal FPH; maximize recall; within .02 recall highest F1; precision final tie-break,,,,,,,
4a01f2561322bc328fd6,causal14_clean,detail,trimmed_mean,trailing60,0.0,0.75,0.4,2,3,2.0,6,0,41,2,0,0.75,0.1276595744680851,0.2181818181818182,0.0,-0.4333333333333333,0.75,0.4,2,2.0,True,False,True,False,retain <=5 normal FPH; maximize recall; within .02 recall highest F1; precision final tie-break,,,,,,,
852b3041e4e181be09f2,causal14_clean,detail,trimmed_mean,trailing60,0.0,0.75,0.45,2,3,2.0,6,0,41,2,0,0.75,0.1276595744680851,0.2181818181818182,0.0,-0.4333333333333333,0.75,0.4,2,2.0,True,False,True,False,retain <=5 normal FPH; maximize recall; within .02 recall highest F1; precision final tie-break,,,,,,,
8471a65035d424aeef19,causal14_clean,detail,trimmed_mean,trailing60,0.0,0.75,0.5,2,3,2.0,6,0,41,2,0,0.75,0.1276595744680851,0.2181818181818182,0.0,-0.4333333333333333,0.75,0.4,2,2.0,True,False,True,False,retain <=5 normal FPH; maximize recall; within .02 recall highest F1; precision final tie-break,,,,,,,
e9458d20a1060df8deb9,causal14_clean,reliability_sensitivity,trimmed_mean,trailing60,0.3,0.6,0.05,2,3,2.0,13,5,34,10,0,0.4642857142857143,0.2765957446808511,0.3466666666666667,3.0516957255915247,-0.6799999999999999,0.6,0.4,2,2.0,True,False,True,False,retain <=5 normal FPH; maximize recall; within .02 recall highest F1; precision final tie-break,,,,,,,
