statistic_id,value,population,status,source_path,source_sha256,generation_command
sotad_validation_full_precision,0.5102040816,sealed validation,primary,outputs_sotad_phase12_old4c_motor_lowconf_t012/v13_final_prevalidation_evidence_closure/validation_frozen_cache_recovery_01/04_event_evaluation/validation_video_decisions_132.parquet,6413bb46c8cababafd8ffd026023c9f906b48eaa1c7dac7133d688e3b6d306fa,/home/team_cam_ai/miniconda3/envs/rtdetr_env/bin/python final_draft/trackfeat_aisi_submission_01/control/build_evidence.py
sotad_validation_full_recall,0.5434782609,sealed validation,primary,outputs_sotad_phase12_old4c_motor_lowconf_t012/v13_final_prevalidation_evidence_closure/validation_frozen_cache_recovery_01/04_event_evaluation/validation_video_decisions_132.parquet,6413bb46c8cababafd8ffd026023c9f906b48eaa1c7dac7133d688e3b6d306fa,/home/team_cam_ai/miniconda3/envs/rtdetr_env/bin/python final_draft/trackfeat_aisi_submission_01/control/build_evidence.py
sotad_validation_full_f1,0.5263157895,sealed validation,primary,outputs_sotad_phase12_old4c_motor_lowconf_t012/v13_final_prevalidation_evidence_closure/validation_frozen_cache_recovery_01/04_event_evaluation/validation_video_decisions_132.parquet,6413bb46c8cababafd8ffd026023c9f906b48eaa1c7dac7133d688e3b6d306fa,/home/team_cam_ai/miniconda3/envs/rtdetr_env/bin/python final_draft/trackfeat_aisi_submission_01/control/build_evidence.py
sotad_validation_full_fph,5.031,sealed validation,primary,outputs_sotad_phase12_old4c_motor_lowconf_t012/v13_final_prevalidation_evidence_closure/validation_frozen_cache_recovery_01/04_event_evaluation/validation_video_decisions_132.parquet,6413bb46c8cababafd8ffd026023c9f906b48eaa1c7dac7133d688e3b6d306fa,/home/team_cam_ai/miniconda3/envs/rtdetr_env/bin/python final_draft/trackfeat_aisi_submission_01/control/build_evidence.py
sotad_validation_full_tp,25.0,sealed validation,primary,outputs_sotad_phase12_old4c_motor_lowconf_t012/v13_final_prevalidation_evidence_closure/validation_frozen_cache_recovery_01/04_event_evaluation/validation_video_decisions_132.parquet,6413bb46c8cababafd8ffd026023c9f906b48eaa1c7dac7133d688e3b6d306fa,/home/team_cam_ai/miniconda3/envs/rtdetr_env/bin/python final_draft/trackfeat_aisi_submission_01/control/build_evidence.py
sotad_validation_full_normal_fp_events,8.0,sealed validation,primary,outputs_sotad_phase12_old4c_motor_lowconf_t012/v13_final_prevalidation_evidence_closure/validation_frozen_cache_recovery_01/04_event_evaluation/validation_video_decisions_132.parquet,6413bb46c8cababafd8ffd026023c9f906b48eaa1c7dac7133d688e3b6d306fa,/home/team_cam_ai/miniconda3/envs/rtdetr_env/bin/python final_draft/trackfeat_aisi_submission_01/control/build_evidence.py
sotad_validation_full_fn,21.0,sealed validation,primary,outputs_sotad_phase12_old4c_motor_lowconf_t012/v13_final_prevalidation_evidence_closure/validation_frozen_cache_recovery_01/04_event_evaluation/validation_video_decisions_132.parquet,6413bb46c8cababafd8ffd026023c9f906b48eaa1c7dac7133d688e3b6d306fa,/home/team_cam_ai/miniconda3/envs/rtdetr_env/bin/python final_draft/trackfeat_aisi_submission_01/control/build_evidence.py
sotad_validation_full_wrong_window,16.0,sealed validation,primary,outputs_sotad_phase12_old4c_motor_lowconf_t012/v13_final_prevalidation_evidence_closure/validation_frozen_cache_recovery_01/04_event_evaluation/validation_video_decisions_132.parquet,6413bb46c8cababafd8ffd026023c9f906b48eaa1c7dac7133d688e3b6d306fa,/home/team_cam_ai/miniconda3/envs/rtdetr_env/bin/python final_draft/trackfeat_aisi_submission_01/control/build_evidence.py
sotad_validation_reduced_precision,0.4716981132,sealed validation,primary,outputs_sotad_phase12_old4c_motor_lowconf_t012/v13_final_prevalidation_evidence_closure/validation_frozen_cache_recovery_01/04_event_evaluation/validation_video_decisions_52.parquet,64e20f0adedd00f0263a3140c6216325a88ccf439e127ba3ced101e5eb30aaea,/home/team_cam_ai/miniconda3/envs/rtdetr_env/bin/python final_draft/trackfeat_aisi_submission_01/control/build_evidence.py
sotad_validation_reduced_recall,0.5434782609,sealed validation,primary,outputs_sotad_phase12_old4c_motor_lowconf_t012/v13_final_prevalidation_evidence_closure/validation_frozen_cache_recovery_01/04_event_evaluation/validation_video_decisions_52.parquet,64e20f0adedd00f0263a3140c6216325a88ccf439e127ba3ced101e5eb30aaea,/home/team_cam_ai/miniconda3/envs/rtdetr_env/bin/python final_draft/trackfeat_aisi_submission_01/control/build_evidence.py
sotad_validation_reduced_f1,0.5050505051,sealed validation,primary,outputs_sotad_phase12_old4c_motor_lowconf_t012/v13_final_prevalidation_evidence_closure/validation_frozen_cache_recovery_01/04_event_evaluation/validation_video_decisions_52.parquet,64e20f0adedd00f0263a3140c6216325a88ccf439e127ba3ced101e5eb30aaea,/home/team_cam_ai/miniconda3/envs/rtdetr_env/bin/python final_draft/trackfeat_aisi_submission_01/control/build_evidence.py
sotad_validation_reduced_fph,6.2887,sealed validation,primary,outputs_sotad_phase12_old4c_motor_lowconf_t012/v13_final_prevalidation_evidence_closure/validation_frozen_cache_recovery_01/04_event_evaluation/validation_video_decisions_52.parquet,64e20f0adedd00f0263a3140c6216325a88ccf439e127ba3ced101e5eb30aaea,/home/team_cam_ai/miniconda3/envs/rtdetr_env/bin/python final_draft/trackfeat_aisi_submission_01/control/build_evidence.py
sotad_validation_reduced_normal_fp_events,10.0,sealed validation,primary,outputs_sotad_phase12_old4c_motor_lowconf_t012/v13_final_prevalidation_evidence_closure/validation_frozen_cache_recovery_01/04_event_evaluation/validation_video_decisions_52.parquet,64e20f0adedd00f0263a3140c6216325a88ccf439e127ba3ced101e5eb30aaea,/home/team_cam_ai/miniconda3/envs/rtdetr_env/bin/python final_draft/trackfeat_aisi_submission_01/control/build_evidence.py
sotad_validation_reduced_wrong_window,18.0,sealed validation,primary,outputs_sotad_phase12_old4c_motor_lowconf_t012/v13_final_prevalidation_evidence_closure/validation_frozen_cache_recovery_01/04_event_evaluation/validation_video_decisions_52.parquet,64e20f0adedd00f0263a3140c6216325a88ccf439e127ba3ced101e5eb30aaea,/home/team_cam_ai/miniconda3/envs/rtdetr_env/bin/python final_draft/trackfeat_aisi_submission_01/control/build_evidence.py
calibration_selected_recall,0.6170212765957447,342-video calibration,selection evidence,outputs_sotad_phase12_old4c_motor_lowconf_t012/v13_interpretable_132_feature_study/v13_c_event_calibration/selected_event_policy.json,0a4463a9e309b41b5fcffae4a989b8e234f3b4fc6160fd34e4ed77fb2cad1009,/home/team_cam_ai/miniconda3/envs/rtdetr_env/bin/python final_draft/trackfeat_aisi_submission_01/control/build_evidence.py
calibration_selected_fph,2.44135658047322,342-video calibration,selection evidence,outputs_sotad_phase12_old4c_motor_lowconf_t012/v13_interpretable_132_feature_study/v13_c_event_calibration/selected_event_policy.json,0a4463a9e309b41b5fcffae4a989b8e234f3b4fc6160fd34e4ed77fb2cad1009,/home/team_cam_ai/miniconda3/envs/rtdetr_env/bin/python final_draft/trackfeat_aisi_submission_01/control/build_evidence.py
timestamp_tsc_recall,0.6808510638297872,342-video calibration,diagnostic only,outputs_sotad_phase12_old4c_motor_lowconf_t012/aisi_event_timestamp_closure_01/calibration_timestamp_results.csv,b351bb1ed09c5265ce44c251954767da3d4cc7da9051bd444bfc103d56d27b74,/home/team_cam_ai/miniconda3/envs/rtdetr_env/bin/python final_draft/trackfeat_aisi_submission_01/control/build_evidence.py
trajectory_low_support_video_count,133.0,332-video sealed validation,report-only robustness,final_draft/trackfeat_aisi_submission_02/trajectory_quality_strata_results.csv,9ae02a63c0555712c30ad56988c0e33eea5a28b6998ebc035a88ee0fdc1db5d0,/home/team_cam_ai/miniconda3/envs/rtdetr_env/bin/python final_draft/trackfeat_aisi_submission_02/control/build_quality_and_figures.py
trajectory_low_support_accident_video_count,21.0,332-video sealed validation,report-only robustness,final_draft/trackfeat_aisi_submission_02/trajectory_quality_strata_results.csv,9ae02a63c0555712c30ad56988c0e33eea5a28b6998ebc035a88ee0fdc1db5d0,/home/team_cam_ai/miniconda3/envs/rtdetr_env/bin/python final_draft/trackfeat_aisi_submission_02/control/build_quality_and_figures.py
trajectory_low_support_tp,13.0,332-video sealed validation,report-only robustness,final_draft/trackfeat_aisi_submission_02/trajectory_quality_strata_results.csv,9ae02a63c0555712c30ad56988c0e33eea5a28b6998ebc035a88ee0fdc1db5d0,/home/team_cam_ai/miniconda3/envs/rtdetr_env/bin/python final_draft/trackfeat_aisi_submission_02/control/build_quality_and_figures.py
trajectory_low_support_fn,8.0,332-video sealed validation,report-only robustness,final_draft/trackfeat_aisi_submission_02/trajectory_quality_strata_results.csv,9ae02a63c0555712c30ad56988c0e33eea5a28b6998ebc035a88ee0fdc1db5d0,/home/team_cam_ai/miniconda3/envs/rtdetr_env/bin/python final_draft/trackfeat_aisi_submission_02/control/build_quality_and_figures.py
trajectory_low_support_normal_false_events,2.0,332-video sealed validation,report-only robustness,final_draft/trackfeat_aisi_submission_02/trajectory_quality_strata_results.csv,9ae02a63c0555712c30ad56988c0e33eea5a28b6998ebc035a88ee0fdc1db5d0,/home/team_cam_ai/miniconda3/envs/rtdetr_env/bin/python final_draft/trackfeat_aisi_submission_02/control/build_quality_and_figures.py
trajectory_low_support_recall,0.6190476190476191,332-video sealed validation,report-only robustness,final_draft/trackfeat_aisi_submission_02/trajectory_quality_strata_results.csv,9ae02a63c0555712c30ad56988c0e33eea5a28b6998ebc035a88ee0fdc1db5d0,/home/team_cam_ai/miniconda3/envs/rtdetr_env/bin/python final_draft/trackfeat_aisi_submission_02/control/build_quality_and_figures.py
trajectory_low_support_fph,3.2134249754530044,332-video sealed validation,report-only robustness,final_draft/trackfeat_aisi_submission_02/trajectory_quality_strata_results.csv,9ae02a63c0555712c30ad56988c0e33eea5a28b6998ebc035a88ee0fdc1db5d0,/home/team_cam_ai/miniconda3/envs/rtdetr_env/bin/python final_draft/trackfeat_aisi_submission_02/control/build_quality_and_figures.py
trajectory_low_support_wrong_window_alerts,7.0,332-video sealed validation,report-only robustness,final_draft/trackfeat_aisi_submission_02/trajectory_quality_strata_results.csv,9ae02a63c0555712c30ad56988c0e33eea5a28b6998ebc035a88ee0fdc1db5d0,/home/team_cam_ai/miniconda3/envs/rtdetr_env/bin/python final_draft/trackfeat_aisi_submission_02/control/build_quality_and_figures.py
trajectory_moderate_video_count,111.0,332-video sealed validation,report-only robustness,final_draft/trackfeat_aisi_submission_02/trajectory_quality_strata_results.csv,9ae02a63c0555712c30ad56988c0e33eea5a28b6998ebc035a88ee0fdc1db5d0,/home/team_cam_ai/miniconda3/envs/rtdetr_env/bin/python final_draft/trackfeat_aisi_submission_02/control/build_quality_and_figures.py
trajectory_moderate_accident_video_count,17.0,332-video sealed validation,report-only robustness,final_draft/trackfeat_aisi_submission_02/trajectory_quality_strata_results.csv,9ae02a63c0555712c30ad56988c0e33eea5a28b6998ebc035a88ee0fdc1db5d0,/home/team_cam_ai/miniconda3/envs/rtdetr_env/bin/python final_draft/trackfeat_aisi_submission_02/control/build_quality_and_figures.py
trajectory_moderate_tp,8.0,332-video sealed validation,report-only robustness,final_draft/trackfeat_aisi_submission_02/trajectory_quality_strata_results.csv,9ae02a63c0555712c30ad56988c0e33eea5a28b6998ebc035a88ee0fdc1db5d0,/home/team_cam_ai/miniconda3/envs/rtdetr_env/bin/python final_draft/trackfeat_aisi_submission_02/control/build_quality_and_figures.py
trajectory_moderate_fn,9.0,332-video sealed validation,report-only robustness,final_draft/trackfeat_aisi_submission_02/trajectory_quality_strata_results.csv,9ae02a63c0555712c30ad56988c0e33eea5a28b6998ebc035a88ee0fdc1db5d0,/home/team_cam_ai/miniconda3/envs/rtdetr_env/bin/python final_draft/trackfeat_aisi_submission_02/control/build_quality_and_figures.py
trajectory_moderate_normal_false_events,2.0,332-video sealed validation,report-only robustness,final_draft/trackfeat_aisi_submission_02/trajectory_quality_strata_results.csv,9ae02a63c0555712c30ad56988c0e33eea5a28b6998ebc035a88ee0fdc1db5d0,/home/team_cam_ai/miniconda3/envs/rtdetr_env/bin/python final_draft/trackfeat_aisi_submission_02/control/build_quality_and_figures.py
trajectory_moderate_recall,0.4705882352941176,332-video sealed validation,report-only robustness,final_draft/trackfeat_aisi_submission_02/trajectory_quality_strata_results.csv,9ae02a63c0555712c30ad56988c0e33eea5a28b6998ebc035a88ee0fdc1db5d0,/home/team_cam_ai/miniconda3/envs/rtdetr_env/bin/python final_draft/trackfeat_aisi_submission_02/control/build_quality_and_figures.py
trajectory_moderate_fph,3.828321068526948,332-video sealed validation,report-only robustness,final_draft/trackfeat_aisi_submission_02/trajectory_quality_strata_results.csv,9ae02a63c0555712c30ad56988c0e33eea5a28b6998ebc035a88ee0fdc1db5d0,/home/team_cam_ai/miniconda3/envs/rtdetr_env/bin/python final_draft/trackfeat_aisi_submission_02/control/build_quality_and_figures.py
trajectory_moderate_wrong_window_alerts,6.0,332-video sealed validation,report-only robustness,final_draft/trackfeat_aisi_submission_02/trajectory_quality_strata_results.csv,9ae02a63c0555712c30ad56988c0e33eea5a28b6998ebc035a88ee0fdc1db5d0,/home/team_cam_ai/miniconda3/envs/rtdetr_env/bin/python final_draft/trackfeat_aisi_submission_02/control/build_quality_and_figures.py
trajectory_high_video_count,88.0,332-video sealed validation,report-only robustness,final_draft/trackfeat_aisi_submission_02/trajectory_quality_strata_results.csv,9ae02a63c0555712c30ad56988c0e33eea5a28b6998ebc035a88ee0fdc1db5d0,/home/team_cam_ai/miniconda3/envs/rtdetr_env/bin/python final_draft/trackfeat_aisi_submission_02/control/build_quality_and_figures.py
trajectory_high_accident_video_count,8.0,332-video sealed validation,report-only robustness,final_draft/trackfeat_aisi_submission_02/trajectory_quality_strata_results.csv,9ae02a63c0555712c30ad56988c0e33eea5a28b6998ebc035a88ee0fdc1db5d0,/home/team_cam_ai/miniconda3/envs/rtdetr_env/bin/python final_draft/trackfeat_aisi_submission_02/control/build_quality_and_figures.py
trajectory_high_tp,4.0,332-video sealed validation,report-only robustness,final_draft/trackfeat_aisi_submission_02/trajectory_quality_strata_results.csv,9ae02a63c0555712c30ad56988c0e33eea5a28b6998ebc035a88ee0fdc1db5d0,/home/team_cam_ai/miniconda3/envs/rtdetr_env/bin/python final_draft/trackfeat_aisi_submission_02/control/build_quality_and_figures.py
trajectory_high_fn,4.0,332-video sealed validation,report-only robustness,final_draft/trackfeat_aisi_submission_02/trajectory_quality_strata_results.csv,9ae02a63c0555712c30ad56988c0e33eea5a28b6998ebc035a88ee0fdc1db5d0,/home/team_cam_ai/miniconda3/envs/rtdetr_env/bin/python final_draft/trackfeat_aisi_submission_02/control/build_quality_and_figures.py
trajectory_high_normal_false_events,4.0,332-video sealed validation,report-only robustness,final_draft/trackfeat_aisi_submission_02/trajectory_quality_strata_results.csv,9ae02a63c0555712c30ad56988c0e33eea5a28b6998ebc035a88ee0fdc1db5d0,/home/team_cam_ai/miniconda3/envs/rtdetr_env/bin/python final_draft/trackfeat_aisi_submission_02/control/build_quality_and_figures.py
trajectory_high_recall,0.5,332-video sealed validation,report-only robustness,final_draft/trackfeat_aisi_submission_02/trajectory_quality_strata_results.csv,9ae02a63c0555712c30ad56988c0e33eea5a28b6998ebc035a88ee0fdc1db5d0,/home/team_cam_ai/miniconda3/envs/rtdetr_env/bin/python final_draft/trackfeat_aisi_submission_02/control/build_quality_and_figures.py
trajectory_high_fph,8.982035928143715,332-video sealed validation,report-only robustness,final_draft/trackfeat_aisi_submission_02/trajectory_quality_strata_results.csv,9ae02a63c0555712c30ad56988c0e33eea5a28b6998ebc035a88ee0fdc1db5d0,/home/team_cam_ai/miniconda3/envs/rtdetr_env/bin/python final_draft/trackfeat_aisi_submission_02/control/build_quality_and_figures.py
trajectory_high_wrong_window_alerts,3.0,332-video sealed validation,report-only robustness,final_draft/trackfeat_aisi_submission_02/trajectory_quality_strata_results.csv,9ae02a63c0555712c30ad56988c0e33eea5a28b6998ebc035a88ee0fdc1db5d0,/home/team_cam_ai/miniconda3/envs/rtdetr_env/bin/python final_draft/trackfeat_aisi_submission_02/control/build_quality_and_figures.py
trajectory_matched_vs_missed_group_a_median,0.899224125311082,46 sealed validation accidents,report-only association,final_draft/trackfeat_aisi_submission_02/trajectory_quality_effect_sizes.csv,fdd58ffa69b0d2baa44ed382a6ac4bab71eff878da37685c4be1c999e39b397a,/home/team_cam_ai/miniconda3/envs/rtdetr_env/bin/python final_draft/trackfeat_aisi_submission_02/control/build_quality_and_figures.py
trajectory_matched_vs_missed_group_b_median,0.9205236853541938,46 sealed validation accidents,report-only association,final_draft/trackfeat_aisi_submission_02/trajectory_quality_effect_sizes.csv,fdd58ffa69b0d2baa44ed382a6ac4bab71eff878da37685c4be1c999e39b397a,/home/team_cam_ai/miniconda3/envs/rtdetr_env/bin/python final_draft/trackfeat_aisi_submission_02/control/build_quality_and_figures.py
trajectory_matched_vs_missed_median_difference_a_minus_b,-0.0212995600431118,46 sealed validation accidents,report-only association,final_draft/trackfeat_aisi_submission_02/trajectory_quality_effect_sizes.csv,fdd58ffa69b0d2baa44ed382a6ac4bab71eff878da37685c4be1c999e39b397a,/home/team_cam_ai/miniconda3/envs/rtdetr_env/bin/python final_draft/trackfeat_aisi_submission_02/control/build_quality_and_figures.py
trajectory_matched_vs_missed_rank_biserial_a_greater,-0.0361904761904762,46 sealed validation accidents,report-only association,final_draft/trackfeat_aisi_submission_02/trajectory_quality_effect_sizes.csv,fdd58ffa69b0d2baa44ed382a6ac4bab71eff878da37685c4be1c999e39b397a,/home/team_cam_ai/miniconda3/envs/rtdetr_env/bin/python final_draft/trackfeat_aisi_submission_02/control/build_quality_and_figures.py
trajectory_matched_vs_missed_mann_whitney_two_sided_p_descriptive,0.8426691047356564,46 sealed validation accidents,report-only association,final_draft/trackfeat_aisi_submission_02/trajectory_quality_effect_sizes.csv,fdd58ffa69b0d2baa44ed382a6ac4bab71eff878da37685c4be1c999e39b397a,/home/team_cam_ai/miniconda3/envs/rtdetr_env/bin/python final_draft/trackfeat_aisi_submission_02/control/build_quality_and_figures.py
validation_fn_D4_count,11.0,21 full-132 validation false negatives,frozen diagnostic,outputs_sotad_phase12_old4c_motor_lowconf_t012/aisi_recall_gap_closure_01/false_negative_root_cause_summary.csv,80d0c8899e44a0a6bef183b8e727d70e493742f7ef2bbb6a301d5fbcf15b03e4,/home/team_cam_ai/miniconda3/envs/rtdetr_env/bin/python final_draft/trackfeat_aisi_submission_02/control/build_quality_and_figures.py
validation_fn_D2_count,7.0,21 full-132 validation false negatives,frozen diagnostic,outputs_sotad_phase12_old4c_motor_lowconf_t012/aisi_recall_gap_closure_01/false_negative_root_cause_summary.csv,80d0c8899e44a0a6bef183b8e727d70e493742f7ef2bbb6a301d5fbcf15b03e4,/home/team_cam_ai/miniconda3/envs/rtdetr_env/bin/python final_draft/trackfeat_aisi_submission_02/control/build_quality_and_figures.py
validation_fn_D3_count,1.0,21 full-132 validation false negatives,frozen diagnostic,outputs_sotad_phase12_old4c_motor_lowconf_t012/aisi_recall_gap_closure_01/false_negative_root_cause_summary.csv,80d0c8899e44a0a6bef183b8e727d70e493742f7ef2bbb6a301d5fbcf15b03e4,/home/team_cam_ai/miniconda3/envs/rtdetr_env/bin/python final_draft/trackfeat_aisi_submission_02/control/build_quality_and_figures.py
validation_fn_U1_count,2.0,21 full-132 validation false negatives,frozen diagnostic,outputs_sotad_phase12_old4c_motor_lowconf_t012/aisi_recall_gap_closure_01/false_negative_root_cause_summary.csv,80d0c8899e44a0a6bef183b8e727d70e493742f7ef2bbb6a301d5fbcf15b03e4,/home/team_cam_ai/miniconda3/envs/rtdetr_env/bin/python final_draft/trackfeat_aisi_submission_02/control/build_quality_and_figures.py
timestamp_midpoint_tp,32.0,342-video calibration,diagnostic only; not selected; not evaluated on validation,outputs_sotad_phase12_old4c_motor_lowconf_t012/aisi_event_timestamp_closure_01/calibration_timestamp_results.csv,b351bb1ed09c5265ce44c251954767da3d4cc7da9051bd444bfc103d56d27b74,/home/team_cam_ai/miniconda3/envs/rtdetr_env/bin/python final_draft/trackfeat_aisi_submission_02/control/build_quality_and_figures.py
timestamp_midpoint_wrong_window,12.0,342-video calibration,diagnostic only; not selected; not evaluated on validation,outputs_sotad_phase12_old4c_motor_lowconf_t012/aisi_event_timestamp_closure_01/calibration_timestamp_results.csv,b351bb1ed09c5265ce44c251954767da3d4cc7da9051bd444bfc103d56d27b74,/home/team_cam_ai/miniconda3/envs/rtdetr_env/bin/python final_draft/trackfeat_aisi_submission_02/control/build_quality_and_figures.py
timestamp_midpoint_d4_recovered,4.0,342-video calibration,diagnostic only; not selected; not evaluated on validation,outputs_sotad_phase12_old4c_motor_lowconf_t012/aisi_event_timestamp_closure_01/calibration_timestamp_results.csv,b351bb1ed09c5265ce44c251954767da3d4cc7da9051bd444bfc103d56d27b74,/home/team_cam_ai/miniconda3/envs/rtdetr_env/bin/python final_draft/trackfeat_aisi_submission_02/control/build_quality_and_figures.py
timestamp_midpoint_existing_tp_lost,1.0,342-video calibration,diagnostic only; not selected; not evaluated on validation,outputs_sotad_phase12_old4c_motor_lowconf_t012/aisi_event_timestamp_closure_01/calibration_timestamp_results.csv,b351bb1ed09c5265ce44c251954767da3d4cc7da9051bd444bfc103d56d27b74,/home/team_cam_ai/miniconda3/envs/rtdetr_env/bin/python final_draft/trackfeat_aisi_submission_02/control/build_quality_and_figures.py
reduced_minus_full_precision_point_estimate,-0.0385059684251058,332-video sealed validation,paired video bootstrap,final_draft/trackfeat_aisi_submission_02/paired_validation_bootstrap.csv,c0f23a06fef1560ea70d169dd64f03c483e60e383cfaae91acc9708d1dbc2697,/home/team_cam_ai/miniconda3/envs/rtdetr_env/bin/python final_draft/trackfeat_aisi_submission_02/control/build_quality_and_figures.py
reduced_minus_full_precision_ci_low,-0.0974674479826704,332-video sealed validation,paired video bootstrap,final_draft/trackfeat_aisi_submission_02/paired_validation_bootstrap.csv,c0f23a06fef1560ea70d169dd64f03c483e60e383cfaae91acc9708d1dbc2697,/home/team_cam_ai/miniconda3/envs/rtdetr_env/bin/python final_draft/trackfeat_aisi_submission_02/control/build_quality_and_figures.py
reduced_minus_full_precision_ci_high,0.0195038015206082,332-video sealed validation,paired video bootstrap,final_draft/trackfeat_aisi_submission_02/paired_validation_bootstrap.csv,c0f23a06fef1560ea70d169dd64f03c483e60e383cfaae91acc9708d1dbc2697,/home/team_cam_ai/miniconda3/envs/rtdetr_env/bin/python final_draft/trackfeat_aisi_submission_02/control/build_quality_and_figures.py
reduced_minus_full_recall_point_estimate,0.0,332-video sealed validation,paired video bootstrap,final_draft/trackfeat_aisi_submission_02/paired_validation_bootstrap.csv,c0f23a06fef1560ea70d169dd64f03c483e60e383cfaae91acc9708d1dbc2697,/home/team_cam_ai/miniconda3/envs/rtdetr_env/bin/python final_draft/trackfeat_aisi_submission_02/control/build_quality_and_figures.py
reduced_minus_full_recall_ci_low,-0.0652173913043478,332-video sealed validation,paired video bootstrap,final_draft/trackfeat_aisi_submission_02/paired_validation_bootstrap.csv,c0f23a06fef1560ea70d169dd64f03c483e60e383cfaae91acc9708d1dbc2697,/home/team_cam_ai/miniconda3/envs/rtdetr_env/bin/python final_draft/trackfeat_aisi_submission_02/control/build_quality_and_figures.py
reduced_minus_full_recall_ci_high,0.0652173913043477,332-video sealed validation,paired video bootstrap,final_draft/trackfeat_aisi_submission_02/paired_validation_bootstrap.csv,c0f23a06fef1560ea70d169dd64f03c483e60e383cfaae91acc9708d1dbc2697,/home/team_cam_ai/miniconda3/envs/rtdetr_env/bin/python final_draft/trackfeat_aisi_submission_02/control/build_quality_and_figures.py
reduced_minus_full_f1_point_estimate,-0.0212652844231791,332-video sealed validation,paired video bootstrap,final_draft/trackfeat_aisi_submission_02/paired_validation_bootstrap.csv,c0f23a06fef1560ea70d169dd64f03c483e60e383cfaae91acc9708d1dbc2697,/home/team_cam_ai/miniconda3/envs/rtdetr_env/bin/python final_draft/trackfeat_aisi_submission_02/control/build_quality_and_figures.py
reduced_minus_full_f1_ci_low,-0.0786146776487448,332-video sealed validation,paired video bootstrap,final_draft/trackfeat_aisi_submission_02/paired_validation_bootstrap.csv,c0f23a06fef1560ea70d169dd64f03c483e60e383cfaae91acc9708d1dbc2697,/home/team_cam_ai/miniconda3/envs/rtdetr_env/bin/python final_draft/trackfeat_aisi_submission_02/control/build_quality_and_figures.py
reduced_minus_full_f1_ci_high,0.0333435418009884,332-video sealed validation,paired video bootstrap,final_draft/trackfeat_aisi_submission_02/paired_validation_bootstrap.csv,c0f23a06fef1560ea70d169dd64f03c483e60e383cfaae91acc9708d1dbc2697,/home/team_cam_ai/miniconda3/envs/rtdetr_env/bin/python final_draft/trackfeat_aisi_submission_02/control/build_quality_and_figures.py
reduced_minus_full_fph_point_estimate,1.2577473744523555,332-video sealed validation,paired video bootstrap,final_draft/trackfeat_aisi_submission_02/paired_validation_bootstrap.csv,c0f23a06fef1560ea70d169dd64f03c483e60e383cfaae91acc9708d1dbc2697,/home/team_cam_ai/miniconda3/envs/rtdetr_env/bin/python final_draft/trackfeat_aisi_submission_02/control/build_quality_and_figures.py
reduced_minus_full_fph_ci_low,0.0,332-video sealed validation,paired video bootstrap,final_draft/trackfeat_aisi_submission_02/paired_validation_bootstrap.csv,c0f23a06fef1560ea70d169dd64f03c483e60e383cfaae91acc9708d1dbc2697,/home/team_cam_ai/miniconda3/envs/rtdetr_env/bin/python final_draft/trackfeat_aisi_submission_02/control/build_quality_and_figures.py
reduced_minus_full_fph_ci_high,3.1467464216724808,332-video sealed validation,paired video bootstrap,final_draft/trackfeat_aisi_submission_02/paired_validation_bootstrap.csv,c0f23a06fef1560ea70d169dd64f03c483e60e383cfaae91acc9708d1dbc2697,/home/team_cam_ai/miniconda3/envs/rtdetr_env/bin/python final_draft/trackfeat_aisi_submission_02/control/build_quality_and_figures.py
accident_prompt1_t,0.3127932629912759,507 official IID-train videos; five source-grouped OOF folds,primary grouped-OOF development,final_draft/trackfeat_aisi_submission_03/accident_primary_and_diagnostic_results.csv,b3572783f0299b4dedee7167e3d4f950941fa6390ece777a005b1f023e8041c6,/home/team_cam_ai/miniconda3/envs/rtdetr_env/bin/python final_draft/trackfeat_aisi_submission_03/control/finalize_submission_03.py
accident_prompt1_t_ci_low,0.2826949628100961,507 official IID-train videos; paired video bootstrap,primary grouped-OOF development,final_draft/trackfeat_aisi_submission_03/accident_primary_and_diagnostic_results.csv,b3572783f0299b4dedee7167e3d4f950941fa6390ece777a005b1f023e8041c6,/home/team_cam_ai/miniconda3/envs/rtdetr_env/bin/python final_draft/trackfeat_aisi_submission_03/control/finalize_submission_03.py
accident_prompt1_t_ci_high,0.3436967549539832,507 official IID-train videos; paired video bootstrap,primary grouped-OOF development,final_draft/trackfeat_aisi_submission_03/accident_primary_and_diagnostic_results.csv,b3572783f0299b4dedee7167e3d4f950941fa6390ece777a005b1f023e8041c6,/home/team_cam_ai/miniconda3/envs/rtdetr_env/bin/python final_draft/trackfeat_aisi_submission_03/control/finalize_submission_03.py
accident_prompt1_s,0.412687180128943,507 official IID-train videos; five source-grouped OOF folds,primary grouped-OOF development,final_draft/trackfeat_aisi_submission_03/accident_primary_and_diagnostic_results.csv,b3572783f0299b4dedee7167e3d4f950941fa6390ece777a005b1f023e8041c6,/home/team_cam_ai/miniconda3/envs/rtdetr_env/bin/python final_draft/trackfeat_aisi_submission_03/control/finalize_submission_03.py
accident_prompt1_s_ci_low,0.3805506823755928,507 official IID-train videos; paired video bootstrap,primary grouped-OOF development,final_draft/trackfeat_aisi_submission_03/accident_primary_and_diagnostic_results.csv,b3572783f0299b4dedee7167e3d4f950941fa6390ece777a005b1f023e8041c6,/home/team_cam_ai/miniconda3/envs/rtdetr_env/bin/python final_draft/trackfeat_aisi_submission_03/control/finalize_submission_03.py
accident_prompt1_s_ci_high,0.4439895147069106,507 official IID-train videos; paired video bootstrap,primary grouped-OOF development,final_draft/trackfeat_aisi_submission_03/accident_primary_and_diagnostic_results.csv,b3572783f0299b4dedee7167e3d4f950941fa6390ece777a005b1f023e8041c6,/home/team_cam_ai/miniconda3/envs/rtdetr_env/bin/python final_draft/trackfeat_aisi_submission_03/control/finalize_submission_03.py
accident_prompt1_c,0.3431952662721893,507 official IID-train videos; five source-grouped OOF folds,primary grouped-OOF development,final_draft/trackfeat_aisi_submission_03/accident_primary_and_diagnostic_results.csv,b3572783f0299b4dedee7167e3d4f950941fa6390ece777a005b1f023e8041c6,/home/team_cam_ai/miniconda3/envs/rtdetr_env/bin/python final_draft/trackfeat_aisi_submission_03/control/finalize_submission_03.py
accident_prompt1_c_ci_low,0.3037475345167653,507 official IID-train videos; paired video bootstrap,primary grouped-OOF development,final_draft/trackfeat_aisi_submission_03/accident_primary_and_diagnostic_results.csv,b3572783f0299b4dedee7167e3d4f950941fa6390ece777a005b1f023e8041c6,/home/team_cam_ai/miniconda3/envs/rtdetr_env/bin/python final_draft/trackfeat_aisi_submission_03/control/finalize_submission_03.py
accident_prompt1_c_ci_high,0.3806706114398422,507 official IID-train videos; paired video bootstrap,primary grouped-OOF development,final_draft/trackfeat_aisi_submission_03/accident_primary_and_diagnostic_results.csv,b3572783f0299b4dedee7167e3d4f950941fa6390ece777a005b1f023e8041c6,/home/team_cam_ai/miniconda3/envs/rtdetr_env/bin/python final_draft/trackfeat_aisi_submission_03/control/finalize_submission_03.py
accident_prompt1_acc_s,0.3515376816894001,507 official IID-train videos; five source-grouped OOF folds,primary grouped-OOF development,final_draft/trackfeat_aisi_submission_03/accident_primary_and_diagnostic_results.csv,b3572783f0299b4dedee7167e3d4f950941fa6390ece777a005b1f023e8041c6,/home/team_cam_ai/miniconda3/envs/rtdetr_env/bin/python final_draft/trackfeat_aisi_submission_03/control/finalize_submission_03.py
accident_prompt1_acc_s_ci_low,0.3290934268123182,507 official IID-train videos; paired video bootstrap,primary grouped-OOF development,final_draft/trackfeat_aisi_submission_03/accident_primary_and_diagnostic_results.csv,b3572783f0299b4dedee7167e3d4f950941fa6390ece777a005b1f023e8041c6,/home/team_cam_ai/miniconda3/envs/rtdetr_env/bin/python final_draft/trackfeat_aisi_submission_03/control/finalize_submission_03.py
accident_prompt1_acc_s_ci_high,0.3738458333580869,507 official IID-train videos; paired video bootstrap,primary grouped-OOF development,final_draft/trackfeat_aisi_submission_03/accident_primary_and_diagnostic_results.csv,b3572783f0299b4dedee7167e3d4f950941fa6390ece777a005b1f023e8041c6,/home/team_cam_ai/miniconda3/envs/rtdetr_env/bin/python final_draft/trackfeat_aisi_submission_03/control/finalize_submission_03.py
accident_phase2_t,0.2965940953385781,507 official IID-train videos; report-only combined chain,Phase-2 diagnostic; overall not supported,final_draft/trackfeat_aisi_submission_03/accident_primary_and_diagnostic_results.csv,b3572783f0299b4dedee7167e3d4f950941fa6390ece777a005b1f023e8041c6,/home/team_cam_ai/miniconda3/envs/rtdetr_env/bin/python final_draft/trackfeat_aisi_submission_03/control/finalize_submission_03.py
accident_phase2_s,0.3702478263115365,507 official IID-train videos; report-only combined chain,Phase-2 diagnostic; overall not supported,final_draft/trackfeat_aisi_submission_03/accident_primary_and_diagnostic_results.csv,b3572783f0299b4dedee7167e3d4f950941fa6390ece777a005b1f023e8041c6,/home/team_cam_ai/miniconda3/envs/rtdetr_env/bin/python final_draft/trackfeat_aisi_submission_03/control/finalize_submission_03.py
accident_phase2_c,0.4280078895463511,507 official IID-train videos; report-only combined chain,Phase-2 diagnostic; overall not supported,final_draft/trackfeat_aisi_submission_03/accident_primary_and_diagnostic_results.csv,b3572783f0299b4dedee7167e3d4f950941fa6390ece777a005b1f023e8041c6,/home/team_cam_ai/miniconda3/envs/rtdetr_env/bin/python final_draft/trackfeat_aisi_submission_03/control/finalize_submission_03.py
accident_phase2_acc_s,0.3567644124754371,507 official IID-train videos; report-only combined chain,Phase-2 diagnostic; overall not supported,final_draft/trackfeat_aisi_submission_03/accident_primary_and_diagnostic_results.csv,b3572783f0299b4dedee7167e3d4f950941fa6390ece777a005b1f023e8041c6,/home/team_cam_ai/miniconda3/envs/rtdetr_env/bin/python final_draft/trackfeat_aisi_submission_03/control/finalize_submission_03.py
accident_phase2_acc_s_delta,0.005226730786037026,507 official IID-train videos,report-only diagnostic,final_draft/trackfeat_aisi_submission_03/accident_primary_and_diagnostic_results.csv,b3572783f0299b4dedee7167e3d4f950941fa6390ece777a005b1f023e8041c6,/home/team_cam_ai/miniconda3/envs/rtdetr_env/bin/python final_draft/trackfeat_aisi_submission_03/control/finalize_submission_03.py
accident_phase2_wrong_pair_count,134.0,Phase-2 predicted-time combined condition,report-only diagnostic,final_draft/trackfeat_aisi_submission_03/accident_primary_and_diagnostic_results.csv,b3572783f0299b4dedee7167e3d4f950941fa6390ece777a005b1f023e8041c6,/home/team_cam_ai/miniconda3/envs/rtdetr_env/bin/python final_draft/trackfeat_aisi_submission_03/control/finalize_submission_03.py
illustrative_false_events_per_8h_camera_shift,40.248,projection from sealed SO-TAD validation FPH,illustrative workload; not field observation,final_draft/trackfeat_aisi_submission_03/accident_primary_and_diagnostic_results.csv,b3572783f0299b4dedee7167e3d4f950941fa6390ece777a005b1f023e8041c6,/home/team_cam_ai/miniconda3/envs/rtdetr_env/bin/python final_draft/trackfeat_aisi_submission_03/control/finalize_submission_03.py
detected_accidents_per_100,54.347826086956516,sealed SO-TAD validation,illustrative normalization of primary validation recall,final_draft/trackfeat_aisi_submission_03/accident_primary_and_diagnostic_results.csv,b3572783f0299b4dedee7167e3d4f950941fa6390ece777a005b1f023e8041c6,/home/team_cam_ai/miniconda3/envs/rtdetr_env/bin/python final_draft/trackfeat_aisi_submission_03/control/finalize_submission_03.py
